,Restro_name,Restro_link,Avg_rating,Location
0,XOOX Brewmill,https://www.zomato.com/bangalore/xoox-brewmill-koramangala-5th-block-bangalore?zrp_bid=235550&zrp_pid=14&zrp_cid=325911&context=eyJjIjp7ImUiOlsxODcyNzkwNiwiMTg2MjU0MjAiLCIxODQ5MjkxMCIsIjE4NzA0Nzk1IiwiMTg3NDQzMjYiLDE4MzUzMTIxLCIxODUzNzU4NSIsMTg2MTIzNDgsIjE4NDM5NjM0IiwiNTA0NjIiLCIxODU5NDkzNyJdLCJ0IjoiQmVuZ2FsdXJ1JiMwMzk7cyBGaW5lc3QgIn19,4.5,"Koramangala 5th Block, Bangalore"
1,Burma Burma,https://www.zomato.com/bangalore/burma-burma-indiranagar-bangalore?zrp_bid=230953&zrp_pid=14&zrp_cid=323323&context=eyJjIjp7ImUiOlsiMTg3Mjc5MDYiLDE4NjI1NDIwLCIxODQ5MjkxMCIsIjE4NzA0Nzk1IiwiMTg3NDQzMjYiLDE4MzUzMTIxLCIxODUzNzU4NSIsMTg2MTIzNDgsIjE4NDM5NjM0IiwiNTA0NjIiLCIxODU5NDkzNyIsIjE4Njc1NDU5Il0sInQiOiJCZW5nYWx1cnUmIzAzOTtzIEZpbmVzdCAifX0=,4.6,"Indiranagar, Bangalore"
2,Red Rhino,https://www.zomato.com/bangalore/red-rhino-whitefield?zrp_bid=175726&zrp_pid=14&zrp_cid=287709&context=eyJjIjp7ImUiOlsiMTg3Mjc5MDYiLCIxODYyNTQyMCIsMTg0OTI5MTAsIjE4NzA0Nzk1IiwiMTg3NDQzMjYiLDE4MzUzMTIxLCIxODUzNzU4NSIsMTg2MTIzNDgsIjE4NDM5NjM0IiwiNTA0NjIiLCIxODU5NDkzNyIsIjE4Njc1NDU5IiwiNTk0NDYiXSwidCI6IkJlbmdhbHVydSYjMDM5O3MgRmluZXN0ICJ9fQ==,4.5,"Whitefield, Bangalore"
3,Output Bengaluru,https://www.zomato.com/bangalore/output-bengaluru-marathahalli-bangalore?zrp_bid=199283&zrp_pid=14&zrp_cid=304032&context=eyJjIjp7ImUiOlsiMTg3Mjc5MDYiLCIxODYyNTQyMCIsIjE4NDkyOTEwIiwxODcwNDc5NSwiMTg3NDQzMjYiLDE4MzUzMTIxLCIxODUzNzU4NSIsMTg2MTIzNDgsIjE4NDM5NjM0IiwiNTA0NjIiLCIxODU5NDkzNyIsIjE4Njc1NDU5IiwiNTk0NDYiLCI1Mzg3MiJdLCJ0IjoiQmVuZ2FsdXJ1JiMwMzk7cyBGaW5lc3QgIn19,4.6,"Soul Space Arena Mall, Marathahalli, Bangalore"
4,The Old Fashioned Bar,https://www.zomato.com/bangalore/the-old-fashioned-bar-koramangala-6th-block-bangalore?zrp_bid=237991&zrp_pid=14&zrp_cid=327283&context=eyJjIjp7ImUiOlsiMTg3Mjc5MDYiLCIxODYyNTQyMCIsIjE4NDkyOTEwIiwiMTg3MDQ3OTUiLDE4NzQ0MzI2LDE4MzUzMTIxLCIxODUzNzU4NSIsMTg2MTIzNDgsIjE4NDM5NjM0IiwiNTA0NjIiLCIxODU5NDkzNyIsIjE4Njc1NDU5IiwiNTk0NDYiLCI1Mzg3MiIsIjU0MDQ0Il0sInQiOiJCZW5nYWx1cnUmIzAzOTtzIEZpbmVzdCAifX0=,4.6,"Koramangala 6th Block, Bangalore"
5,Flechazo,https://www.zomato.com/bangalore/restaurants/flechazo?filterby_collection_id=274852&zrp_bid=0&zrp_pid=14,4.6,2 Outlets ›
6,The Reservoire,https://www.zomato.com/bangalore/the-reservoire-koramangala-5th-block?zrp_bid=0&zrp_pid=14&context=eyJjIjp7ImUiOlsiMTg0OTI5MTAiLCIxODcwNDc5NSIsIjE4NzQ0MzI2IiwxODM1MzEyMSwxODUzNzU4NSwxODYxMjM0OCwiMTg0Mzk2MzQiLCI1MDQ2MiIsIjE4NTk0OTM3IiwiMTg2NzU0NTkiLCI1OTQ0NiIsIjUzODcyIiwiNTQwNDQiLCIxODIyNDY1MCIsNTQxNjJdLCJ0IjoiQmVuZ2FsdXJ1JiMwMzk7cyBGaW5lc3QgIn19,4.6,"Koramangala 5th Block, Bangalore"
7,XO Belgian Waffle ,https://www.zomato.com/bangalore/restaurants/xo-belgian-waffle?filterby_collection_id=274852&zrp_bid=0&zrp_pid=14,4.6,2 Outlets ›
8,ECHOES Koramangala,https://www.zomato.com/bangalore/echoes-koramangala-koramangala-5th-block?zrp_bid=0&zrp_pid=14&context=eyJjIjp7ImUiOlsiMTg3NDQzMjYiLDE4MzUzMTIxLCIxODUzNzU4NSIsMTg2MTIzNDgsMTg0Mzk2MzQsIjUwNDYyIiwiMTg1OTQ5MzciLCIxODY3NTQ1OSIsIjU5NDQ2IiwiNTM4NzIiLCI1NDA0NCIsIjE4MjI0NjUwIiw1NDE2MiwiMTg0NzkxOTkiLCIxODQzMDc4NSJdLCJ0IjoiQmVuZ2FsdXJ1JiMwMzk7cyBGaW5lc3QgIn19,4.8,"Koramangala 5th Block, Bangalore"
9,Hard Rock Cafe,https://www.zomato.com/bangalore/hard-rock-cafe-st-marks-road?zrp_bid=0&zrp_pid=14&context=eyJjIjp7ImUiOlsxODM1MzEyMSwiMTg1Mzc1ODUiLDE4NjEyMzQ4LCIxODQzOTYzNCIsNTA0NjIsIjE4NTk0OTM3IiwiMTg2NzU0NTkiLCI1OTQ0NiIsIjUzODcyIiwiNTQwNDQiLCIxODIyNDY1MCIsNTQxNjIsIjE4NDc5MTk5IiwiMTg0MzA3ODUiLCIxODYxNDEwNiJdLCJ0IjoiQmVuZ2FsdXJ1JiMwMzk7cyBGaW5lc3QgIn19,4.5,"St. Marks Road, Bangalore"
10,Big Wong XL,https://www.zomato.com/bangalore/big-wong-xl-koramangala-5th-block?zrp_bid=0&zrp_pid=14&context=eyJjIjp7ImUiOlsiMTg1Mzc1ODUiLDE4NjEyMzQ4LCIxODQzOTYzNCIsIjUwNDYyIiwxODU5NDkzNywiMTg2NzU0NTkiLCI1OTQ0NiIsIjUzODcyIiwiNTQwNDQiLCIxODIyNDY1MCIsNTQxNjIsIjE4NDc5MTk5IiwiMTg0MzA3ODUiLCIxODYxNDEwNiIsIjYxMTExIl0sInQiOiJCZW5nYWx1cnUmIzAzOTtzIEZpbmVzdCAifX0=,4.5,"Koramangala 5th Block, Bangalore"
11,Shakes Theory,https://www.zomato.com/bangalore/shakes-theory-1-jayanagar-bangalore?zrp_bid=0&zrp_pid=14&context=eyJjIjp7ImUiOlsxODYxMjM0OCwiMTg0Mzk2MzQiLCI1MDQ2MiIsIjE4NTk0OTM3IiwxODY3NTQ1OSwiNTk0NDYiLCI1Mzg3MiIsIjU0MDQ0IiwiMTgyMjQ2NTAiLDU0MTYyLCIxODQ3OTE5OSIsIjE4NDMwNzg1IiwiMTg2MTQxMDYiLCI2MTExMSIsIjE4NzY3ODk3Il0sInQiOiJCZW5nYWx1cnUmIzAzOTtzIEZpbmVzdCAifX0=,4.6,"Jayanagar, Bangalore"
12,Hakuna Matata,https://www.zomato.com/bangalore/hakuna-matata-jp-nagar?zrp_bid=0&zrp_pid=14&context=eyJjIjp7ImUiOlsiMTg0Mzk2MzQiLCI1MDQ2MiIsIjE4NTk0OTM3IiwiMTg2NzU0NTkiLDU5NDQ2LCI1Mzg3MiIsIjU0MDQ0IiwiMTgyMjQ2NTAiLDU0MTYyLCIxODQ3OTE5OSIsIjE4NDMwNzg1IiwiMTg2MTQxMDYiLCI2MTExMSIsIjE4NzY3ODk3IiwiMTg2Mjg4OTciXSwidCI6IkJlbmdhbHVydSYjMDM5O3MgRmluZXN0ICJ9fQ==,4.5,"JP Nagar, Bangalore"
13,Windmills Craftworks,https://www.zomato.com/bangalore/windmills-craftworks-whitefield?zrp_bid=0&zrp_pid=14&context=eyJjIjp7ImUiOlsiNTA0NjIiLCIxODU5NDkzNyIsIjE4Njc1NDU5IiwiNTk0NDYiLDUzODcyLCI1NDA0NCIsIjE4MjI0NjUwIiw1NDE2MiwiMTg0NzkxOTkiLCIxODQzMDc4NSIsIjE4NjE0MTA2IiwiNjExMTEiLCIxODc2Nzg5NyIsIjE4NjI4ODk3IiwiMTg2NjkyNzEiXSwidCI6IkJlbmdhbHVydSYjMDM5O3MgRmluZXN0ICJ9fQ==,4.7,"Windmills Craftworks, Bangalore"
14,The Hole in the Wall Cafe,https://www.zomato.com/bangalore/the-hole-in-the-wall-cafe-koramangala-4th-block?zrp_bid=0&zrp_pid=14&context=eyJjIjp7ImUiOlsiMTg1OTQ5MzciLCIxODY3NTQ1OSIsIjU5NDQ2IiwiNTM4NzIiLDU0MDQ0LCIxODIyNDY1MCIsNTQxNjIsIjE4NDc5MTk5IiwiMTg0MzA3ODUiLCIxODYxNDEwNiIsIjYxMTExIiwiMTg3Njc4OTciLCIxODYyODg5NyIsIjE4NjY5MjcxIiwiMTg3NjI2OTkiXSwidCI6IkJlbmdhbHVydSYjMDM5O3MgRmluZXN0ICJ9fQ==,4.6,"Koramangala 4th Block, Bangalore"
15,Brik Oven,https://www.zomato.com/bangalore/brik-oven-church-street?zrp_bid=0&zrp_pid=14&context=eyJjIjp7ImUiOlsiMTg2NzU0NTkiLCI1OTQ0NiIsIjUzODcyIiwiNTQwNDQiLDE4MjI0NjUwLDU0MTYyLCIxODQ3OTE5OSIsIjE4NDMwNzg1IiwiMTg2MTQxMDYiLCI2MTExMSIsIjE4NzY3ODk3IiwiMTg2Mjg4OTciLCIxODY2OTI3MSIsIjE4NzYyNjk5IiwiNTUwNTAiXSwidCI6IkJlbmdhbHVydSYjMDM5O3MgRmluZXN0ICJ9fQ==,4.6,"Church Street, Bangalore"
16,The Black Pearl,https://www.zomato.com/bangalore/restaurants/the-black-pearl?filterby_collection_id=274852&zrp_bid=0&zrp_pid=14,4.6,2 Outlets ›
17,IceBreakers,https://www.zomato.com/bangalore/icebreakers-koramangala-6th-block?zrp_bid=0&zrp_pid=14&context=eyJjIjp7ImUiOlsiNTM4NzIiLCI1NDA0NCIsIjE4MjI0NjUwIiw1NDE2MiwxODQ3OTE5OSwiMTg0MzA3ODUiLCIxODYxNDEwNiIsIjYxMTExIiwiMTg3Njc4OTciLCIxODYyODg5NyIsIjE4NjY5MjcxIiwiMTg3NjI2OTkiLCI1NTA1MCIsNTA3MjIsIjE4NjEwMzgzIl0sInQiOiJCZW5nYWx1cnUmIzAzOTtzIEZpbmVzdCAifX0=,4.5,"Koramangala 6th Block, Bangalore"
18,Communiti,https://www.zomato.com/bangalore/communiti-residency-road?zrp_bid=0&zrp_pid=14&context=eyJjIjp7ImUiOlsiNTQwNDQiLCIxODIyNDY1MCIsNTQxNjIsIjE4NDc5MTk5IiwxODQzMDc4NSwiMTg2MTQxMDYiLCI2MTExMSIsIjE4NzY3ODk3IiwiMTg2Mjg4OTciLCIxODY2OTI3MSIsIjE4NzYyNjk5IiwiNTUwNTAiLDUwNzIyLCIxODYxMDM4MyIsIjE4NTc4Nzk4Il0sInQiOiJCZW5nYWx1cnUmIzAzOTtzIEZpbmVzdCAifX0=,4.7,"Residency Road, Bangalore"
19,Firangi Bake,https://www.zomato.com/bangalore/firangi-bake-hosur-road?zrp_bid=0&zrp_pid=14&context=eyJjIjp7ImUiOlsiMTgyMjQ2NTAiLDU0MTYyLCIxODQ3OTE5OSIsIjE4NDMwNzg1IiwxODYxNDEwNiwiNjExMTEiLCIxODc2Nzg5NyIsIjE4NjI4ODk3IiwiMTg2NjkyNzEiLCIxODc2MjY5OSIsIjU1MDUwIiw1MDcyMiwiMTg2MTAzODMiLCIxODU3ODc5OCIsIjUyMjE5Il0sInQiOiJCZW5nYWx1cnUmIzAzOTtzIEZpbmVzdCAifX0=,4.5,"Hosur Road, Bangalore"
20,Milano Ice Cream,https://www.zomato.com/bangalore/milano-ice-cream-indiranagar?zrp_bid=0&zrp_pid=14&context=eyJjIjp7ImUiOls1NDE2MiwiMTg0NzkxOTkiLCIxODQzMDc4NSIsIjE4NjE0MTA2Iiw2MTExMSwiMTg3Njc4OTciLCIxODYyODg5NyIsIjE4NjY5MjcxIiwiMTg3NjI2OTkiLCI1NTA1MCIsNTA3MjIsIjE4NjEwMzgzIiwiMTg1Nzg3OTgiLCI1MjIxOSIsIjE4NzM5NjMyIl0sInQiOiJCZW5nYWx1cnUmIzAzOTtzIEZpbmVzdCAifX0=,4.9,"Indiranagar, Bangalore"
21,Sea Lions BBQ & Grills,https://www.zomato.com/bangalore/sea-lions-bbq-grills-jayanagar-bangalore?zrp_bid=0&zrp_pid=14&context=eyJjIjp7ImUiOlsiMTg0NzkxOTkiLCIxODQzMDc4NSIsIjE4NjE0MTA2IiwiNjExMTEiLDE4NzY3ODk3LCIxODYyODg5NyIsIjE4NjY5MjcxIiwiMTg3NjI2OTkiLCI1NTA1MCIsNTA3MjIsIjE4NjEwMzgzIiwiMTg1Nzg3OTgiLCI1MjIxOSIsIjE4NzM5NjMyIiwxODM0NjM2NV0sInQiOiJCZW5nYWx1cnUmIzAzOTtzIEZpbmVzdCAifX0=,4.7,"Jayanagar, Bangalore"
22,Avista Cafe Pizzeria,https://www.zomato.com/bangalore/avista-cafe-pizzeria-hennur-bangalore?zrp_bid=0&zrp_pid=14&context=eyJjIjp7ImUiOlsiMTg0MzA3ODUiLCIxODYxNDEwNiIsIjYxMTExIiwiMTg3Njc4OTciLDE4NjI4ODk3LCIxODY2OTI3MSIsIjE4NzYyNjk5IiwiNTUwNTAiLDUwNzIyLCIxODYxMDM4MyIsIjE4NTc4Nzk4IiwiNTIyMTkiLCIxODczOTYzMiIsMTgzNDYzNjUsIjU4MjY4Il0sInQiOiJCZW5nYWx1cnUmIzAzOTtzIEZpbmVzdCAifX0=,4.6,"Hennur, Bangalore"
23,Zamindar,https://www.zomato.com/bangalore/zamindar-kalyan-nagar-bangalore?zrp_bid=0&zrp_pid=14&context=eyJjIjp7ImUiOlsiMTg2MTQxMDYiLCI2MTExMSIsIjE4NzY3ODk3IiwiMTg2Mjg4OTciLDE4NjY5MjcxLCIxODc2MjY5OSIsIjU1MDUwIiw1MDcyMiwiMTg2MTAzODMiLCIxODU3ODc5OCIsIjUyMjE5IiwiMTg3Mzk2MzIiLDE4MzQ2MzY1LCI1ODI2OCIsIjE4Mjg3NDMzIl0sInQiOiJCZW5nYWx1cnUmIzAzOTtzIEZpbmVzdCAifX0=,4.5,"Kalyan Nagar, Bangalore"
24,Rolls & Bowls,https://www.zomato.com/bangalore/rolls-bowls-brookefield-bangalore?zrp_bid=0&zrp_pid=14&context=eyJjIjp7ImUiOlsiNjExMTEiLCIxODc2Nzg5NyIsIjE4NjI4ODk3IiwiMTg2NjkyNzEiLDE4NzYyNjk5LCI1NTA1MCIsNTA3MjIsIjE4NjEwMzgzIiwiMTg1Nzg3OTgiLCI1MjIxOSIsIjE4NzM5NjMyIiwxODM0NjM2NSwiNTgyNjgiLCIxODI4NzQzMyIsIjUzNTc5Il0sInQiOiJCZW5nYWx1cnUmIzAzOTtzIEZpbmVzdCAifX0=,4.5,"Brookefield, Bangalore"
25,O.G. Variar & Sons,https://www.zomato.com/bangalore/o-g-variar-sons-rajajinagar?zrp_bid=0&zrp_pid=14&context=eyJjIjp7ImUiOlsiMTg3Njc4OTciLCIxODYyODg5NyIsIjE4NjY5MjcxIiwiMTg3NjI2OTkiLDU1MDUwLDUwNzIyLCIxODYxMDM4MyIsIjE4NTc4Nzk4IiwiNTIyMTkiLCIxODczOTYzMiIsMTgzNDYzNjUsIjU4MjY4IiwiMTgyODc0MzMiLCI1MzU3OSIsIjE4NjQ4MDM5Il0sInQiOiJCZW5nYWx1cnUmIzAzOTtzIEZpbmVzdCAifX0=,4.8,"Rajajinagar, Bangalore"
26,Natural Ice Cream,https://www.zomato.com/bangalore/restaurants/natural-ice-cream?filterby_collection_id=274852&zrp_bid=0&zrp_pid=14,4.8,2 Outlets ›
27,Arogya Ahaara,https://www.zomato.com/bangalore/arogya-ahaara-hsr?zrp_bid=0&zrp_pid=14&context=eyJjIjp7ImUiOlsiMTg2NjkyNzEiLCIxODc2MjY5OSIsIjU1MDUwIiw1MDcyMiwxODYxMDM4MywiMTg1Nzg3OTgiLCI1MjIxOSIsIjE4NzM5NjMyIiwxODM0NjM2NSwiNTgyNjgiLCIxODI4NzQzMyIsIjUzNTc5IiwiMTg2NDgwMzkiLCIxODU2NDczMSIsIjE4NDU1NTcxIl0sInQiOiJCZW5nYWx1cnUmIzAzOTtzIEZpbmVzdCAifX0=,4.7,"HSR, Bangalore"
28,TBC Sky Lounge,https://www.zomato.com/bangalore/tbc-sky-lounge-hsr?zrp_bid=0&zrp_pid=14&context=eyJjIjp7ImUiOlsiMTg3NjI2OTkiLCI1NTA1MCIsNTA3MjIsIjE4NjEwMzgzIiwxODU3ODc5OCwiNTIyMTkiLCIxODczOTYzMiIsMTgzNDYzNjUsIjU4MjY4IiwiMTgyODc0MzMiLCI1MzU3OSIsIjE4NjQ4MDM5IiwiMTg1NjQ3MzEiLCIxODQ1NTU3MSIsIjE4Mzc0NTE3Il0sInQiOiJCZW5nYWx1cnUmIzAzOTtzIEZpbmVzdCAifX0=,4.8,"HSR, Bangalore"
29,Republic Of Noodles - Lemon Tree Premier,https://www.zomato.com/bangalore/republic-of-noodles-lemon-tree-premier-ulsoor?zrp_bid=0&zrp_pid=14&context=eyJjIjp7ImUiOlsiNTUwNTAiLDUwNzIyLCIxODYxMDM4MyIsIjE4NTc4Nzk4Iiw1MjIxOSwiMTg3Mzk2MzIiLDE4MzQ2MzY1LCI1ODI2OCIsIjE4Mjg3NDMzIiwiNTM1NzkiLCIxODY0ODAzOSIsIjE4NTY0NzMxIiwiMTg0NTU1NzEiLCIxODM3NDUxNyIsMTg1MTI0MDZdLCJ0IjoiQmVuZ2FsdXJ1JiMwMzk7cyBGaW5lc3QgIn19,4.5,"Lemon Tree Premier, Ulsoor, Bangalore"
30,Maziga,https://www.zomato.com/bangalore/maziga-whitefield-bangalore?zrp_bid=0&zrp_pid=14&context=eyJjIjp7ImUiOls1MDcyMiwiMTg2MTAzODMiLCIxODU3ODc5OCIsIjUyMjE5IiwxODczOTYzMiwxODM0NjM2NSwiNTgyNjgiLCIxODI4NzQzMyIsIjUzNTc5IiwiMTg2NDgwMzkiLCIxODU2NDczMSIsIjE4NDU1NTcxIiwiMTgzNzQ1MTciLDE4NTEyNDA2LCI1ODY0NiJdLCJ0IjoiQmVuZ2FsdXJ1JiMwMzk7cyBGaW5lc3QgIn19,4.6,"VR Bengaluru, Whitefield, Bangalore"
31,Galito's,https://www.zomato.com/bangalore/restaurants/galitos?filterby_collection_id=274852&zrp_bid=0&zrp_pid=14,4.6,2 Outlets ›
32,The Fatty Bao - Asian Gastro Bar,https://www.zomato.com/bangalore/the-fatty-bao-asian-gastro-bar-indiranagar?zrp_bid=0&zrp_pid=14&context=eyJjIjp7ImUiOlsiMTg1Nzg3OTgiLCI1MjIxOSIsIjE4NzM5NjMyIiwxODM0NjM2NSw1ODI2OCwiMTgyODc0MzMiLCI1MzU3OSIsIjE4NjQ4MDM5IiwiMTg1NjQ3MzEiLCIxODQ1NTU3MSIsIjE4Mzc0NTE3IiwxODUxMjQwNiwiNTg2NDYiLCI1MTcwNSIsIjE4NzMyNjY1Il0sInQiOiJCZW5nYWx1cnUmIzAzOTtzIEZpbmVzdCAifX0=,4.6,"Indiranagar, Bangalore"
33,The Permit Room,https://www.zomato.com/bangalore/the-permit-room-brigade-road-bangalore?zrp_bid=0&zrp_pid=14&context=eyJjIjp7ImUiOlsiNTIyMTkiLCIxODczOTYzMiIsMTgzNDYzNjUsIjU4MjY4IiwxODI4NzQzMywiNTM1NzkiLCIxODY0ODAzOSIsIjE4NTY0NzMxIiwiMTg0NTU1NzEiLCIxODM3NDUxNyIsMTg1MTI0MDYsIjU4NjQ2IiwiNTE3MDUiLCIxODczMjY2NSIsIjE4NTI2Mjc5Il0sInQiOiJCZW5nYWx1cnUmIzAzOTtzIEZpbmVzdCAifX0=,4.5,"Brigade Road, Bangalore"
34,Lavonne,https://www.zomato.com/bangalore/lavonne-indiranagar?zrp_bid=0&zrp_pid=14&context=eyJjIjp7ImUiOlsiMTg3Mzk2MzIiLDE4MzQ2MzY1LCI1ODI2OCIsIjE4Mjg3NDMzIiw1MzU3OSwiMTg2NDgwMzkiLCIxODU2NDczMSIsIjE4NDU1NTcxIiwiMTgzNzQ1MTciLDE4NTEyNDA2LCI1ODY0NiIsIjUxNzA1IiwiMTg3MzI2NjUiLCIxODUyNjI3OSIsIjE4MzIzMTI2Il0sInQiOiJCZW5nYWx1cnUmIzAzOTtzIEZpbmVzdCAifX0=,4.5,"Indiranagar, Bangalore"
35,THE RIG,https://www.zomato.com/bangalore/the-rig-sarjapur-road?zrp_bid=0&zrp_pid=14&context=eyJjIjp7ImUiOlsxODM0NjM2NSwiNTgyNjgiLCIxODI4NzQzMyIsIjUzNTc5IiwxODY0ODAzOSwiMTg1NjQ3MzEiLCIxODQ1NTU3MSIsIjE4Mzc0NTE3IiwxODUxMjQwNiwiNTg2NDYiLCI1MTcwNSIsIjE4NzMyNjY1IiwiMTg1MjYyNzkiLCIxODMyMzEyNiIsIjE4MzUzMTI3Il0sInQiOiJCZW5nYWx1cnUmIzAzOTtzIEZpbmVzdCAifX0=,4.5,"Sarjapur Road, Bangalore"
36,The Konkan - Seafood Restaurant,https://www.zomato.com/bangalore/the-konkan-seafood-restaurant-st-marks-road?zrp_bid=0&zrp_pid=14&context=eyJjIjp7ImUiOlsiNTgyNjgiLCIxODI4NzQzMyIsIjUzNTc5IiwiMTg2NDgwMzkiLDE4NTY0NzMxLCIxODQ1NTU3MSIsIjE4Mzc0NTE3IiwxODUxMjQwNiwiNTg2NDYiLCI1MTcwNSIsIjE4NzMyNjY1IiwiMTg1MjYyNzkiLCIxODMyMzEyNiIsIjE4MzUzMTI3IiwiNTU0NTMiXSwidCI6IkJlbmdhbHVydSYjMDM5O3MgRmluZXN0ICJ9fQ==,4.5,"St. Marks Road, Bangalore"
37,Sly Granny - The Community House,https://www.zomato.com/bangalore/sly-granny-the-community-house-indiranagar?zrp_bid=0&zrp_pid=14&context=eyJjIjp7ImUiOlsiMTgyODc0MzMiLCI1MzU3OSIsIjE4NjQ4MDM5IiwiMTg1NjQ3MzEiLDE4NDU1NTcxLCIxODM3NDUxNyIsMTg1MTI0MDYsIjU4NjQ2IiwiNTE3MDUiLCIxODczMjY2NSIsIjE4NTI2Mjc5IiwiMTgzMjMxMjYiLCIxODM1MzEyNyIsIjU1NDUzIiwiMTgzMTM1MzEiXSwidCI6IkJlbmdhbHVydSYjMDM5O3MgRmluZXN0ICJ9fQ==,4.5,"Indiranagar, Bangalore"
38,Smoor,https://www.zomato.com/bangalore/smoor-indiranagar?zrp_bid=0&zrp_pid=14&context=eyJjIjp7ImUiOlsiNTM1NzkiLCIxODY0ODAzOSIsIjE4NTY0NzMxIiwiMTg0NTU1NzEiLDE4Mzc0NTE3LDE4NTEyNDA2LCI1ODY0NiIsIjUxNzA1IiwiMTg3MzI2NjUiLCIxODUyNjI3OSIsIjE4MzIzMTI2IiwiMTgzNTMxMjciLCI1NTQ1MyIsIjE4MzEzNTMxIiwiMTg0MjM0NDAiXSwidCI6IkJlbmdhbHVydSYjMDM5O3MgRmluZXN0ICJ9fQ==,4.6,"Indiranagar, Bangalore"
39,Belgian Waffle Factory ,https://www.zomato.com/bangalore/restaurants/belgian-waffle-factory?filterby_collection_id=274852&zrp_bid=0&zrp_pid=14,4.6,4 Outlets ›
40,Sri Laxmi Venkateshwara Coffee Bar,https://www.zomato.com/bangalore/sri-laxmi-venkateshwara-coffee-bar-banashankari?zrp_bid=0&zrp_pid=14&context=eyJjIjp7ImUiOlsiMTg1NjQ3MzEiLCIxODQ1NTU3MSIsIjE4Mzc0NTE3IiwxODUxMjQwNiw1ODY0NiwiNTE3MDUiLCIxODczMjY2NSIsIjE4NTI2Mjc5IiwiMTgzMjMxMjYiLCIxODM1MzEyNyIsIjU1NDUzIiwiMTgzMTM1MzEiLCIxODQyMzQ0MCIsIjUyMzc0IiwxODU0ODI5M10sInQiOiJCZW5nYWx1cnUmIzAzOTtzIEZpbmVzdCAifX0=,4.5,"Banashankari, Bangalore"
41,Toit,https://www.zomato.com/bangalore/toit-indiranagar?zrp_bid=0&zrp_pid=14&context=eyJjIjp7ImUiOlsiMTg0NTU1NzEiLCIxODM3NDUxNyIsMTg1MTI0MDYsIjU4NjQ2Iiw1MTcwNSwiMTg3MzI2NjUiLCIxODUyNjI3OSIsIjE4MzIzMTI2IiwiMTgzNTMxMjciLCI1NTQ1MyIsIjE4MzEzNTMxIiwiMTg0MjM0NDAiLCI1MjM3NCIsMTg1NDgyOTMsIjE4MjYwMDYzIl0sInQiOiJCZW5nYWx1cnUmIzAzOTtzIEZpbmVzdCAifX0=,4.6,"Indiranagar, Bangalore"
42,Barbecue by Punjab Grill,https://www.zomato.com/bangalore/barbecue-by-punjab-grill-malleshwaram-bangalore?zrp_bid=0&zrp_pid=14&context=eyJjIjp7ImUiOlsiMTgzNzQ1MTciLDE4NTEyNDA2LCI1ODY0NiIsIjUxNzA1IiwxODczMjY2NSwiMTg1MjYyNzkiLCIxODMyMzEyNiIsIjE4MzUzMTI3IiwiNTU0NTMiLCIxODMxMzUzMSIsIjE4NDIzNDQwIiwiNTIzNzQiLDE4NTQ4MjkzLCIxODI2MDA2MyIsIjE4MzY2NjY0Il0sInQiOiJCZW5nYWx1cnUmIzAzOTtzIEZpbmVzdCAifX0=,4.7,"Malleshwaram, Bangalore"
43,The Globe Grub,https://www.zomato.com/bangalore/the-globe-grub-marathahalli?zrp_bid=0&zrp_pid=14&context=eyJjIjp7ImUiOlsxODUxMjQwNiwiNTg2NDYiLCI1MTcwNSIsIjE4NzMyNjY1IiwxODUyNjI3OSwiMTgzMjMxMjYiLCIxODM1MzEyNyIsIjU1NDUzIiwiMTgzMTM1MzEiLCIxODQyMzQ0MCIsIjUyMzc0IiwxODU0ODI5MywiMTgyNjAwNjMiLCIxODM2NjY2NCIsIjE4MjU0NTk3Il0sInQiOiJCZW5nYWx1cnUmIzAzOTtzIEZpbmVzdCAifX0=,4.7,"Marathahalli, Bangalore"
44,Fabelle Chocolate Boutique - ITC Gardenia,https://www.zomato.com/bangalore/fabelle-chocolate-boutique-itc-gardenia-richmond-road-bangalore?zrp_bid=0&zrp_pid=14&context=eyJjIjp7ImUiOlsiNTg2NDYiLCI1MTcwNSIsIjE4NzMyNjY1IiwiMTg1MjYyNzkiLDE4MzIzMTI2LCIxODM1MzEyNyIsIjU1NDUzIiwiMTgzMTM1MzEiLCIxODQyMzQ0MCIsIjUyMzc0IiwxODU0ODI5MywiMTgyNjAwNjMiLCIxODM2NjY2NCIsIjE4MjU0NTk3Iiw1NDM5N10sInQiOiJCZW5nYWx1cnUmIzAzOTtzIEZpbmVzdCAifX0=,4.5,"ITC Gardenia, Bangalore"
45,Delhi Highway,https://www.zomato.com/bangalore/delhi-highway-indiranagar?zrp_bid=0&zrp_pid=14&context=eyJjIjp7ImUiOlsiNTE3MDUiLCIxODczMjY2NSIsIjE4NTI2Mjc5IiwiMTgzMjMxMjYiLDE4MzUzMTI3LCI1NTQ1MyIsIjE4MzEzNTMxIiwiMTg0MjM0NDAiLCI1MjM3NCIsMTg1NDgyOTMsIjE4MjYwMDYzIiwiMTgzNjY2NjQiLCIxODI1NDU5NyIsNTQzOTcsIjUwNzQyIl0sInQiOiJCZW5nYWx1cnUmIzAzOTtzIEZpbmVzdCAifX0=,4.5,"Indiranagar, Bangalore"
46,Chikkanna Tiffin Room,https://www.zomato.com/bangalore/chikkanna-tiffin-room-city-market?zrp_bid=0&zrp_pid=14&context=eyJjIjp7ImUiOlsiMTg3MzI2NjUiLCIxODUyNjI3OSIsIjE4MzIzMTI2IiwiMTgzNTMxMjciLDU1NDUzLCIxODMxMzUzMSIsIjE4NDIzNDQwIiwiNTIzNzQiLDE4NTQ4MjkzLCIxODI2MDA2MyIsIjE4MzY2NjY0IiwiMTgyNTQ1OTciLDU0Mzk3LCI1MDc0MiIsIjE4Mzk4Mzg3Il0sInQiOiJCZW5nYWx1cnUmIzAzOTtzIEZpbmVzdCAifX0=,4.5,"City Market, Bangalore"
47,Biergarten,https://www.zomato.com/bangalore/biergarten-whitefield?zrp_bid=0&zrp_pid=14&context=eyJjIjp7ImUiOlsiMTg1MjYyNzkiLCIxODMyMzEyNiIsIjE4MzUzMTI3IiwiNTU0NTMiLDE4MzEzNTMxLCIxODQyMzQ0MCIsIjUyMzc0IiwxODU0ODI5MywiMTgyNjAwNjMiLCIxODM2NjY2NCIsIjE4MjU0NTk3Iiw1NDM5NywiNTA3NDIiLCIxODM5ODM4NyIsIjE4MzkxMDIwIl0sInQiOiJCZW5nYWx1cnUmIzAzOTtzIEZpbmVzdCAifX0=,4.8,"Whitefield, Bangalore"
48,Float,https://www.zomato.com/bangalore/float-marathahalli?zrp_bid=0&zrp_pid=14&context=eyJjIjp7ImUiOlsiMTgzMjMxMjYiLCIxODM1MzEyNyIsIjU1NDUzIiwiMTgzMTM1MzEiLDE4NDIzNDQwLCI1MjM3NCIsMTg1NDgyOTMsIjE4MjYwMDYzIiwiMTgzNjY2NjQiLCIxODI1NDU5NyIsNTQzOTcsIjUwNzQyIiwiMTgzOTgzODciLCIxODM5MTAyMCIsIjUzMTc5Il0sInQiOiJCZW5nYWx1cnUmIzAzOTtzIEZpbmVzdCAifX0=,4.5,"D and N Enterprises, Marathahalli, Bangalore"
49,Shao - Radisson Blu,https://www.zomato.com/bangalore/shao-radisson-blu-marathahalli-bangalore?zrp_bid=0&zrp_pid=14&context=eyJjIjp7ImUiOlsiMTgzNTMxMjciLCI1NTQ1MyIsIjE4MzEzNTMxIiwiMTg0MjM0NDAiLDUyMzc0LDE4NTQ4MjkzLCIxODI2MDA2MyIsIjE4MzY2NjY0IiwiMTgyNTQ1OTciLDU0Mzk3LCI1MDc0MiIsIjE4Mzk4Mzg3IiwiMTgzOTEwMjAiLCI1MzE3OSIsIjUwNjYzIl0sInQiOiJCZW5nYWx1cnUmIzAzOTtzIEZpbmVzdCAifX0=,4.5,"Radisson Blu, Marathahalli, Bangalore"
50,eat.fit,https://www.zomato.com/bangalore/restaurants/eat-fit?filterby_collection_id=274852&zrp_bid=0&zrp_pid=14,4.5,3 Outlets ›
51,Toast & Tonic,https://www.zomato.com/bangalore/toast-tonic-richmond-road-bangalore?zrp_bid=0&zrp_pid=14&context=eyJjIjp7ImUiOlsiMTgzMTM1MzEiLCIxODQyMzQ0MCIsIjUyMzc0IiwxODU0ODI5MywxODI2MDA2MywiMTgzNjY2NjQiLCIxODI1NDU5NyIsNTQzOTcsIjUwNzQyIiwiMTgzOTgzODciLCIxODM5MTAyMCIsIjUzMTc5IiwiNTA2NjMiLCIxODUxNDUwOSIsNTAzMDZdLCJ0IjoiQmVuZ2FsdXJ1JiMwMzk7cyBGaW5lc3QgIn19,4.5,"Richmond Road, Bangalore"
52,Cloud Cafe,https://www.zomato.com/bangalore/cloud-cafe-nagarbhavi?zrp_bid=0&zrp_pid=14&context=eyJjIjp7ImUiOlsiMTg0MjM0NDAiLCI1MjM3NCIsMTg1NDgyOTMsIjE4MjYwMDYzIiwxODM2NjY2NCwiMTgyNTQ1OTciLDU0Mzk3LCI1MDc0MiIsIjE4Mzk4Mzg3IiwiMTgzOTEwMjAiLCI1MzE3OSIsIjUwNjYzIiwiMTg1MTQ1MDkiLDUwMzA2LCIxODE2MDA5MyJdLCJ0IjoiQmVuZ2FsdXJ1JiMwMzk7cyBGaW5lc3QgIn19,4.5,"Nagarbhavi, Bangalore"
53,Brew and Barbeque - A Microbrewery Pub,https://www.zomato.com/bangalore/brew-and-barbeque-a-microbrewery-pub-marathahalli-bangalore?zrp_bid=0&zrp_pid=14&context=eyJjIjp7ImUiOlsiNTIzNzQiLDE4NTQ4MjkzLCIxODI2MDA2MyIsIjE4MzY2NjY0IiwxODI1NDU5Nyw1NDM5NywiNTA3NDIiLCIxODM5ODM4NyIsIjE4MzkxMDIwIiwiNTMxNzkiLCI1MDY2MyIsIjE4NTE0NTA5Iiw1MDMwNiwiMTgxNjAwOTMiLCIxODYwMjg4MCJdLCJ0IjoiQmVuZ2FsdXJ1JiMwMzk7cyBGaW5lc3QgIn19,4.8,"Soul Space Arena Mall, Marathahalli, Bangalore"
54,Smoke House Deli,https://www.zomato.com/bangalore/restaurants/smoke-house-deli?filterby_collection_id=274852&zrp_bid=0&zrp_pid=14,4.8,2 Outlets ›
55,Olive Bar And Kitchen,https://www.zomato.com/bangalore/olive-bar-and-kitchen-richmond-road?zrp_bid=0&zrp_pid=14&context=eyJjIjp7ImUiOlsiMTgyNjAwNjMiLCIxODM2NjY2NCIsIjE4MjU0NTk3Iiw1NDM5Nyw1MDc0MiwiMTgzOTgzODciLCIxODM5MTAyMCIsIjUzMTc5IiwiNTA2NjMiLCIxODUxNDUwOSIsNTAzMDYsIjE4MTYwMDkzIiwiMTg2MDI4ODAiLDU3NzM2LCIxODYyMjI2OCJdLCJ0IjoiQmVuZ2FsdXJ1JiMwMzk7cyBGaW5lc3QgIn19,4.5,"Richmond Road, Bangalore"
56,PurpleBasil.in,https://www.zomato.com/bangalore/purplebasil-in-indiranagar-bangalore?zrp_bid=0&zrp_pid=14&context=eyJjIjp7ImUiOlsiMTgzNjY2NjQiLCIxODI1NDU5NyIsNTQzOTcsIjUwNzQyIiwxODM5ODM4NywiMTgzOTEwMjAiLCI1MzE3OSIsIjUwNjYzIiwiMTg1MTQ1MDkiLDUwMzA2LCIxODE2MDA5MyIsIjE4NjAyODgwIiw1NzczNiwiMTg2MjIyNjgiLDE4NDY4ODQzXSwidCI6IkJlbmdhbHVydSYjMDM5O3MgRmluZXN0ICJ9fQ==,4.5,"Indiranagar, Bangalore"
57,Bloomsbury's Global Kitchen & Bakehouse,https://www.zomato.com/bangalore/bloomsburys-global-kitchen-bakehouse-whitefield-bangalore?zrp_bid=0&zrp_pid=14&context=eyJjIjp7ImUiOlsiMTgyNTQ1OTciLDU0Mzk3LCI1MDc0MiIsIjE4Mzk4Mzg3IiwxODM5MTAyMCwiNTMxNzkiLCI1MDY2MyIsIjE4NTE0NTA5Iiw1MDMwNiwiMTgxNjAwOTMiLCIxODYwMjg4MCIsNTc3MzYsIjE4NjIyMjY4IiwxODQ2ODg0MywiMTg3ODM1MjciXSwidCI6IkJlbmdhbHVydSYjMDM5O3MgRmluZXN0ICJ9fQ==,4.6,"Whitefield, Bangalore"
58,Mainland China,https://www.zomato.com/bangalore/mainland-china-malleshwaram?zrp_bid=0&zrp_pid=14&context=eyJjIjp7ImUiOls1NDM5NywiNTA3NDIiLCIxODM5ODM4NyIsIjE4MzkxMDIwIiw1MzE3OSwiNTA2NjMiLCIxODUxNDUwOSIsNTAzMDYsIjE4MTYwMDkzIiwiMTg2MDI4ODAiLDU3NzM2LCIxODYyMjI2OCIsMTg0Njg4NDMsIjE4NzgzNTI3IiwiMTg0OTQwNjQiXSwidCI6IkJlbmdhbHVydSYjMDM5O3MgRmluZXN0ICJ9fQ==,4.5,"Orion Mall, Malleshwaram, Bangalore"
59,Mavalli Tiffin Room (MTR),https://www.zomato.com/bangalore/mavalli-tiffin-room-mtr-basavanagudi?zrp_bid=0&zrp_pid=14&context=eyJjIjp7ImUiOlsiNTA3NDIiLCIxODM5ODM4NyIsIjE4MzkxMDIwIiwiNTMxNzkiLDUwNjYzLCIxODUxNDUwOSIsNTAzMDYsIjE4MTYwMDkzIiwiMTg2MDI4ODAiLDU3NzM2LCIxODYyMjI2OCIsMTg0Njg4NDMsIjE4NzgzNTI3IiwiMTg0OTQwNjQiLCI2MDY3MyJdLCJ0IjoiQmVuZ2FsdXJ1JiMwMzk7cyBGaW5lc3QgIn19,4.5,"Basavanagudi, Bangalore"
60,Mooch Marod,https://www.zomato.com/bangalore/mooch-marod-whitefield?zrp_bid=0&zrp_pid=14&context=eyJjIjp7ImUiOlsiMTgzOTgzODciLCIxODM5MTAyMCIsIjUzMTc5IiwiNTA2NjMiLDE4NTE0NTA5LDUwMzA2LCIxODE2MDA5MyIsIjE4NjAyODgwIiw1NzczNiwiMTg2MjIyNjgiLDE4NDY4ODQzLCIxODc4MzUyNyIsIjE4NDk0MDY0IiwiNjA2NzMiLCIxODUzNDM5NiJdLCJ0IjoiQmVuZ2FsdXJ1JiMwMzk7cyBGaW5lc3QgIn19,4.5,"Whitefield, Bangalore"
61,Corner House Ice Cream,https://www.zomato.com/bangalore/restaurants/corner-house-ice-cream?filterby_collection_id=274852&zrp_bid=0&zrp_pid=14,4.5,4 Outlets ›
62,Once Upon A Flame,https://www.zomato.com/bangalore/once-upon-a-flame-hsr?zrp_bid=0&zrp_pid=14&context=eyJjIjp7ImUiOlsiNTMxNzkiLCI1MDY2MyIsIjE4NTE0NTA5Iiw1MDMwNiwxODE2MDA5MywiMTg2MDI4ODAiLDU3NzM2LCIxODYyMjI2OCIsMTg0Njg4NDMsIjE4NzgzNTI3IiwiMTg0OTQwNjQiLCI2MDY3MyIsIjE4NTM0Mzk2IiwiMTg0MzEwNDEiLCIxODczNDAyNSJdLCJ0IjoiQmVuZ2FsdXJ1JiMwMzk7cyBGaW5lc3QgIn19,4.5,"HSR, Bangalore"
63,Drunkling - Sizzlers and Pub,https://www.zomato.com/bangalore/drunkling-sizzlers-and-pub-koramangala-5th-block?zrp_bid=0&zrp_pid=14&context=eyJjIjp7ImUiOlsiNTA2NjMiLCIxODUxNDUwOSIsNTAzMDYsIjE4MTYwMDkzIiwxODYwMjg4MCw1NzczNiwiMTg2MjIyNjgiLDE4NDY4ODQzLCIxODc4MzUyNyIsIjE4NDk0MDY0IiwiNjA2NzMiLCIxODUzNDM5NiIsIjE4NDMxMDQxIiwiMTg3MzQwMjUiLCIxODAyMjI2OSJdLCJ0IjoiQmVuZ2FsdXJ1JiMwMzk7cyBGaW5lc3QgIn19,4.5,"Koramangala 5th Block, Bangalore"
64,Chinita Real Mexican Food,https://www.zomato.com/bangalore/restaurants/chinita-real-mexican-food?filterby_collection_id=274852&zrp_bid=0&zrp_pid=14,4.5,2 Outlets ›
65,Market Table,https://www.zomato.com/bangalore/market-table-koramangala-5th-block?zrp_bid=0&zrp_pid=14&context=eyJjIjp7ImUiOls1MDMwNiwiMTgxNjAwOTMiLCIxODYwMjg4MCIsNTc3MzYsMTg2MjIyNjgsMTg0Njg4NDMsIjE4NzgzNTI3IiwiMTg0OTQwNjQiLCI2MDY3MyIsIjE4NTM0Mzk2IiwiMTg0MzEwNDEiLCIxODczNDAyNSIsIjE4MDIyMjY5Iiw1OTg0MCwiMTg2ODU1MjkiXSwidCI6IkJlbmdhbHVydSYjMDM5O3MgRmluZXN0ICJ9fQ==,4.6,"Koramangala 5th Block, Bangalore"
66,Apsara Ice Cream,https://www.zomato.com/bangalore/restaurants/apsara-ice-cream?filterby_collection_id=274852&zrp_bid=0&zrp_pid=14,4.6,2 Outlets ›
67,Hunger Camp,https://www.zomato.com/bangalore/hunger-camp-jp-nagar-bangalore?zrp_bid=0&zrp_pid=14&context=eyJjIjp7ImUiOlsiMTg2MDI4ODAiLDU3NzM2LCIxODYyMjI2OCIsMTg0Njg4NDMsMTg3ODM1MjcsIjE4NDk0MDY0IiwiNjA2NzMiLCIxODUzNDM5NiIsIjE4NDMxMDQxIiwiMTg3MzQwMjUiLCIxODAyMjI2OSIsNTk4NDAsIjE4Njg1NTI5IiwiMTg3OTE0NjIiLDE4MzA4NzU2XSwidCI6IkJlbmdhbHVydSYjMDM5O3MgRmluZXN0ICJ9fQ==,4.5,"JP Nagar, Bangalore"
68,MISU,https://www.zomato.com/bangalore/misu-st-marks-road?zrp_bid=0&zrp_pid=14&context=eyJjIjp7ImUiOls1NzczNiwiMTg2MjIyNjgiLDE4NDY4ODQzLCIxODc4MzUyNyIsMTg0OTQwNjQsIjYwNjczIiwiMTg1MzQzOTYiLCIxODQzMTA0MSIsIjE4NzM0MDI1IiwiMTgwMjIyNjkiLDU5ODQwLCIxODY4NTUyOSIsIjE4NzkxNDYyIiwxODMwODc1NiwiMTg3MTIzOTQiXSwidCI6IkJlbmdhbHVydSYjMDM5O3MgRmluZXN0ICJ9fQ==,4.5,"St. Marks Road, Bangalore"
69,SodaBottleOpenerWala,https://www.zomato.com/bangalore/sodabottleopenerwala-lavelle-road?zrp_bid=0&zrp_pid=14&context=eyJjIjp7ImUiOlsiMTg2MjIyNjgiLDE4NDY4ODQzLCIxODc4MzUyNyIsIjE4NDk0MDY0Iiw2MDY3MywiMTg1MzQzOTYiLCIxODQzMTA0MSIsIjE4NzM0MDI1IiwiMTgwMjIyNjkiLDU5ODQwLCIxODY4NTUyOSIsIjE4NzkxNDYyIiwxODMwODc1NiwiMTg3MTIzOTQiLCIxODYwMzgyMiJdLCJ0IjoiQmVuZ2FsdXJ1JiMwMzk7cyBGaW5lc3QgIn19,4.5,"Lavelle Road, Bangalore"
70,Oota Bangalore,https://www.zomato.com/bangalore/oota-bangalore-whitefield?zrp_bid=0&zrp_pid=14&context=eyJjIjp7ImUiOlsxODQ2ODg0MywiMTg3ODM1MjciLCIxODQ5NDA2NCIsIjYwNjczIiwxODUzNDM5NiwiMTg0MzEwNDEiLCIxODczNDAyNSIsIjE4MDIyMjY5Iiw1OTg0MCwiMTg2ODU1MjkiLCIxODc5MTQ2MiIsMTgzMDg3NTYsIjE4NzEyMzk0IiwiMTg2MDM4MjIiLCI1MDg3OSJdLCJ0IjoiQmVuZ2FsdXJ1JiMwMzk7cyBGaW5lc3QgIn19,4.7,"Windmills Craftworks, Bangalore"
71,Bamboo Hut,https://www.zomato.com/bangalore/bamboo-hut-nagarbhavi?zrp_bid=0&zrp_pid=14&context=eyJjIjp7ImUiOlsiMTg3ODM1MjciLCIxODQ5NDA2NCIsIjYwNjczIiwiMTg1MzQzOTYiLDE4NDMxMDQxLCIxODczNDAyNSIsIjE4MDIyMjY5Iiw1OTg0MCwiMTg2ODU1MjkiLCIxODc5MTQ2MiIsMTgzMDg3NTYsIjE4NzEyMzk0IiwiMTg2MDM4MjIiLCI1MDg3OSIsIjE4NDI2MzgxIl0sInQiOiJCZW5nYWx1cnUmIzAzOTtzIEZpbmVzdCAifX0=,4.6,"Nagarbhavi, Bangalore"
72,TRIGEREATO,https://www.zomato.com/bangalore/trigereato-koramangala-8th-block-bangalore?zrp_bid=0&zrp_pid=14&context=eyJjIjp7ImUiOlsiMTg0OTQwNjQiLCI2MDY3MyIsIjE4NTM0Mzk2IiwiMTg0MzEwNDEiLDE4NzM0MDI1LCIxODAyMjI2OSIsNTk4NDAsIjE4Njg1NTI5IiwiMTg3OTE0NjIiLDE4MzA4NzU2LCIxODcxMjM5NCIsIjE4NjAzODIyIiwiNTA4NzkiLCIxODQyNjM4MSIsIjE4NjgzMjU3Il0sInQiOiJCZW5nYWx1cnUmIzAzOTtzIEZpbmVzdCAifX0=,4.5,"Koramangala 8th Block, Bangalore"
73,Stoner,https://www.zomato.com/bangalore/stoner-koramangala-5th-block?zrp_bid=0&zrp_pid=14&context=eyJjIjp7ImUiOlsiNjA2NzMiLCIxODUzNDM5NiIsIjE4NDMxMDQxIiwiMTg3MzQwMjUiLDE4MDIyMjY5LDU5ODQwLCIxODY4NTUyOSIsIjE4NzkxNDYyIiwxODMwODc1NiwiMTg3MTIzOTQiLCIxODYwMzgyMiIsIjUwODc5IiwiMTg0MjYzODEiLCIxODY4MzI1NyIsIjE4Nzg1NDU4Il0sInQiOiJCZW5nYWx1cnUmIzAzOTtzIEZpbmVzdCAifX0=,4.5,"Koramangala 5th Block, Bangalore"
74,Onesta,https://www.zomato.com/bangalore/restaurants/onesta?filterby_collection_id=274852&zrp_bid=0&zrp_pid=14,4.5,12 Outlets ›
75,The Asian Curry House,https://www.zomato.com/bangalore/the-asian-curry-house-malleshwaram-bangalore?zrp_bid=0&zrp_pid=14&context=eyJjIjp7ImUiOlsiMTg0MzEwNDEiLCIxODczNDAyNSIsIjE4MDIyMjY5Iiw1OTg0MCwxODY4NTUyOSwiMTg3OTE0NjIiLDE4MzA4NzU2LCIxODcxMjM5NCIsIjE4NjAzODIyIiwiNTA4NzkiLCIxODQyNjM4MSIsIjE4NjgzMjU3IiwiMTg3ODU0NTgiLDUzMTI1LCIxODU4MDIwMiJdLCJ0IjoiQmVuZ2FsdXJ1JiMwMzk7cyBGaW5lc3QgIn19,4.5,"Malleshwaram, Bangalore"
76,Cafe PUB-LIQ,https://www.zomato.com/bangalore/cafe-pub-liq-whitefield-bangalore?zrp_bid=0&zrp_pid=14&context=eyJjIjp7ImUiOlsiMTg3MzQwMjUiLCIxODAyMjI2OSIsNTk4NDAsIjE4Njg1NTI5IiwxODc5MTQ2MiwxODMwODc1NiwiMTg3MTIzOTQiLCIxODYwMzgyMiIsIjUwODc5IiwiMTg0MjYzODEiLCIxODY4MzI1NyIsIjE4Nzg1NDU4Iiw1MzEyNSwiMTg1ODAyMDIiLCI1ODM0OSJdLCJ0IjoiQmVuZ2FsdXJ1JiMwMzk7cyBGaW5lc3QgIn19,4.5,"Whitefield, Bangalore"
77,Hammered,https://www.zomato.com/bangalore/restaurants/hammered?filterby_collection_id=274852&zrp_bid=0&zrp_pid=14,4.5,2 Outlets ›
78,99 Pancakes,https://www.zomato.com/bangalore/99-pancakes-1-koramangala-5th-block-bangalore?zrp_bid=0&zrp_pid=14&context=eyJjIjp7ImUiOls1OTg0MCwiMTg2ODU1MjkiLCIxODc5MTQ2MiIsMTgzMDg3NTYsMTg3MTIzOTQsIjE4NjAzODIyIiwiNTA4NzkiLCIxODQyNjM4MSIsIjE4NjgzMjU3IiwiMTg3ODU0NTgiLDUzMTI1LCIxODU4MDIwMiIsIjU4MzQ5IiwiNTIwOTgiLCIxODM5Njc4MiJdLCJ0IjoiQmVuZ2FsdXJ1JiMwMzk7cyBGaW5lc3QgIn19,4.5,"Koramangala 5th Block, Bangalore"
79,The Pizza Bakery,https://www.zomato.com/bangalore/the-pizza-bakery-1-indiranagar?zrp_bid=0&zrp_pid=14&context=eyJjIjp7ImUiOlsiMTg2ODU1MjkiLCIxODc5MTQ2MiIsMTgzMDg3NTYsIjE4NzEyMzk0IiwxODYwMzgyMiwiNTA4NzkiLCIxODQyNjM4MSIsIjE4NjgzMjU3IiwiMTg3ODU0NTgiLDUzMTI1LCIxODU4MDIwMiIsIjU4MzQ5IiwiNTIwOTgiLCIxODM5Njc4MiIsNTg4ODJdLCJ0IjoiQmVuZ2FsdXJ1JiMwMzk7cyBGaW5lc3QgIn19,4.6,"Indiranagar, Bangalore"
80,Sea Rock,https://www.zomato.com/bangalore/sea-rock-seshadripuram?zrp_bid=0&zrp_pid=14&context=eyJjIjp7ImUiOlsiMTg3OTE0NjIiLDE4MzA4NzU2LCIxODcxMjM5NCIsIjE4NjAzODIyIiw1MDg3OSwiMTg0MjYzODEiLCIxODY4MzI1NyIsIjE4Nzg1NDU4Iiw1MzEyNSwiMTg1ODAyMDIiLCI1ODM0OSIsIjUyMDk4IiwiMTgzOTY3ODIiLDU4ODgyLCI1NDMwOSJdLCJ0IjoiQmVuZ2FsdXJ1JiMwMzk7cyBGaW5lc3QgIn19,4.6,"Seshadripuram, Bangalore"
81,Brewklyn Microbrewery,https://www.zomato.com/bangalore/brewklyn-microbrewery-1-kalyan-nagar?zrp_bid=0&zrp_pid=14&context=eyJjIjp7ImUiOlsxODMwODc1NiwiMTg3MTIzOTQiLCIxODYwMzgyMiIsIjUwODc5IiwxODQyNjM4MSwiMTg2ODMyNTciLCIxODc4NTQ1OCIsNTMxMjUsIjE4NTgwMjAyIiwiNTgzNDkiLCI1MjA5OCIsIjE4Mzk2NzgyIiw1ODg4MiwiNTQzMDkiLCI1MDU2NSJdLCJ0IjoiQmVuZ2FsdXJ1JiMwMzk7cyBGaW5lc3QgIn19,4.5,"Kalyan Nagar, Bangalore"
82,Punjab Bistro,https://www.zomato.com/bangalore/punjab-bistro-koramangala-7th-block-bangalore?zrp_bid=0&zrp_pid=14&context=eyJjIjp7ImUiOlsiMTg3MTIzOTQiLCIxODYwMzgyMiIsIjUwODc5IiwiMTg0MjYzODEiLDE4NjgzMjU3LCIxODc4NTQ1OCIsNTMxMjUsIjE4NTgwMjAyIiwiNTgzNDkiLCI1MjA5OCIsIjE4Mzk2NzgyIiw1ODg4MiwiNTQzMDkiLCI1MDU2NSIsIjE4Mzg1NDQzIl0sInQiOiJCZW5nYWx1cnUmIzAzOTtzIEZpbmVzdCAifX0=,4.5,"Koramangala 7th Block, Bangalore"
83,Suryawanshi,https://www.zomato.com/bangalore/suryawanshi-sarjapur-road-bangalore?zrp_bid=0&zrp_pid=14&context=eyJjIjp7ImUiOlsiMTg2MDM4MjIiLCI1MDg3OSIsIjE4NDI2MzgxIiwiMTg2ODMyNTciLDE4Nzg1NDU4LDUzMTI1LCIxODU4MDIwMiIsIjU4MzQ5IiwiNTIwOTgiLCIxODM5Njc4MiIsNTg4ODIsIjU0MzA5IiwiNTA1NjUiLCIxODM4NTQ0MyIsIjE4NTQzNTQ2Il0sInQiOiJCZW5nYWx1cnUmIzAzOTtzIEZpbmVzdCAifX0=,4.6,"Sarjapur Road, Bangalore"
84,Pasta Street,https://www.zomato.com/bangalore/restaurants/pasta-street?filterby_collection_id=274852&zrp_bid=0&zrp_pid=14,4.6,2 Outlets ›
85,1131 Bar + Kitchen,https://www.zomato.com/bangalore/1131-bar-kitchen-indiranagar-bangalore?zrp_bid=0&zrp_pid=14&context=eyJjIjp7ImUiOlsiMTg0MjYzODEiLCIxODY4MzI1NyIsIjE4Nzg1NDU4Iiw1MzEyNSwxODU4MDIwMiwiNTgzNDkiLCI1MjA5OCIsIjE4Mzk2NzgyIiw1ODg4MiwiNTQzMDkiLCI1MDU2NSIsIjE4Mzg1NDQzIiwiMTg1NDM1NDYiLCI1NzgzMyIsNTEwMzhdLCJ0IjoiQmVuZ2FsdXJ1JiMwMzk7cyBGaW5lc3QgIn19,4.6,"Indiranagar, Bangalore"
86,Buff Buffet Buff,https://www.zomato.com/bangalore/buff-buffet-buff-koramangala-5th-block?zrp_bid=0&zrp_pid=14&context=eyJjIjp7ImUiOlsiMTg2ODMyNTciLCIxODc4NTQ1OCIsNTMxMjUsIjE4NTgwMjAyIiw1ODM0OSwiNTIwOTgiLCIxODM5Njc4MiIsNTg4ODIsIjU0MzA5IiwiNTA1NjUiLCIxODM4NTQ0MyIsIjE4NTQzNTQ2IiwiNTc4MzMiLDUxMDM4LCIxODU4NjIwNyJdLCJ0IjoiQmVuZ2FsdXJ1JiMwMzk7cyBGaW5lc3QgIn19,4.5,"BluPetal Hotel, Koramangala, Bangalore"
87,Brahmin's Coffee Bar,https://www.zomato.com/bangalore/brahmins-coffee-bar-basavanagudi?zrp_bid=0&zrp_pid=14&context=eyJjIjp7ImUiOlsiMTg3ODU0NTgiLDUzMTI1LCIxODU4MDIwMiIsIjU4MzQ5Iiw1MjA5OCwiMTgzOTY3ODIiLDU4ODgyLCI1NDMwOSIsIjUwNTY1IiwiMTgzODU0NDMiLCIxODU0MzU0NiIsIjU3ODMzIiw1MTAzOCwiMTg1ODYyMDciLDU4NTc2XSwidCI6IkJlbmdhbHVydSYjMDM5O3MgRmluZXN0ICJ9fQ==,4.8,"Basavanagudi, Bangalore"
88,Jalsa Gold,https://www.zomato.com/bangalore/jalsa-gold-marathahalli?zrp_bid=0&zrp_pid=14&context=eyJjIjp7ImUiOls1MzEyNSwiMTg1ODAyMDIiLCI1ODM0OSIsIjUyMDk4IiwxODM5Njc4Miw1ODg4MiwiNTQzMDkiLCI1MDU2NSIsIjE4Mzg1NDQzIiwiMTg1NDM1NDYiLCI1NzgzMyIsNTEwMzgsIjE4NTg2MjA3Iiw1ODU3NiwiMTg2OTcwOTMiXSwidCI6IkJlbmdhbHVydSYjMDM5O3MgRmluZXN0ICJ9fQ==,4.5,"D and N Enterprises, Marathahalli, Bangalore"
89,Byg Brewski Brewing Company,https://www.zomato.com/bangalore/restaurants/byg-brewski-brewing-company?filterby_collection_id=274852&zrp_bid=0&zrp_pid=14,4.5,2 Outlets ›
90,Sharon Tea Stall,https://www.zomato.com/bangalore/sharon-tea-stall-thippasandra?zrp_bid=0&zrp_pid=14&context=eyJjIjp7ImUiOlsiNTgzNDkiLCI1MjA5OCIsIjE4Mzk2NzgyIiw1ODg4Miw1NDMwOSwiNTA1NjUiLCIxODM4NTQ0MyIsIjE4NTQzNTQ2IiwiNTc4MzMiLDUxMDM4LCIxODU4NjIwNyIsNTg1NzYsIjE4Njk3MDkzIiwiMTg2NjQ5OTUiLCIxODU4NTczMyJdLCJ0IjoiQmVuZ2FsdXJ1JiMwMzk7cyBGaW5lc3QgIn19,4.5,"Thippasandra, Bangalore"
91,Karavalli - The Gateway Hotel,https://www.zomato.com/bangalore/karavalli-the-gateway-hotel-residency-road?zrp_bid=0&zrp_pid=14&context=eyJjIjp7ImUiOlsiNTIwOTgiLCIxODM5Njc4MiIsNTg4ODIsIjU0MzA5Iiw1MDU2NSwiMTgzODU0NDMiLCIxODU0MzU0NiIsIjU3ODMzIiw1MTAzOCwiMTg1ODYyMDciLDU4NTc2LCIxODY5NzA5MyIsIjE4NjY0OTk1IiwiMTg1ODU3MzMiLCIxODY4MjQzMyJdLCJ0IjoiQmVuZ2FsdXJ1JiMwMzk7cyBGaW5lc3QgIn19,4.5,"The Gateway Hotel, Residency Road, Bangalore"
92,Koramangala Social,https://www.zomato.com/koramangalasocial?zrp_bid=0&zrp_pid=14&context=eyJjIjp7ImUiOlsiMTgzOTY3ODIiLDU4ODgyLCI1NDMwOSIsIjUwNTY1IiwxODM4NTQ0MywiMTg1NDM1NDYiLCI1NzgzMyIsNTEwMzgsIjE4NTg2MjA3Iiw1ODU3NiwiMTg2OTcwOTMiLCIxODY2NDk5NSIsIjE4NTg1NzMzIiwiMTg2ODI0MzMiLDUzMjExXSwidCI6IkJlbmdhbHVydSYjMDM5O3MgRmluZXN0ICJ9fQ==,4.5,"Koramangala 7th Block, Bangalore"
93,Mugful Of Stories,https://www.zomato.com/bangalore/mugful-of-stories-kalyan-nagar?zrp_bid=0&zrp_pid=14&context=eyJjIjp7ImUiOls1ODg4MiwiNTQzMDkiLCI1MDU2NSIsIjE4Mzg1NDQzIiwxODU0MzU0NiwiNTc4MzMiLDUxMDM4LCIxODU4NjIwNyIsNTg1NzYsIjE4Njk3MDkzIiwiMTg2NjQ5OTUiLCIxODU4NTczMyIsIjE4NjgyNDMzIiw1MzIxMSwiNTQwOTciXSwidCI6IkJlbmdhbHVydSYjMDM5O3MgRmluZXN0ICJ9fQ==,4.6,"Kalyan Nagar, Bangalore"
94,Big Pitcher,https://www.zomato.com/bangalore/big-pitcher-airport-road?zrp_bid=0&zrp_pid=14&context=eyJjIjp7ImUiOlsiNTQzMDkiLCI1MDU2NSIsIjE4Mzg1NDQzIiwiMTg1NDM1NDYiLDU3ODMzLDUxMDM4LCIxODU4NjIwNyIsNTg1NzYsIjE4Njk3MDkzIiwiMTg2NjQ5OTUiLCIxODU4NTczMyIsIjE4NjgyNDMzIiw1MzIxMSwiNTQwOTciLDE4MzIzNjMwXSwidCI6IkJlbmdhbHVydSYjMDM5O3MgRmluZXN0ICJ9fQ==,4.8,"Old Airport Road, Bangalore"
95,Truffles,https://www.zomato.com/bangalore/restaurants/truffles?filterby_collection_id=274852&zrp_bid=0&zrp_pid=14,4.8,5 Outlets ›
96,The Terrace at Gilly's Redefined,https://www.zomato.com/bangalore/the-terrace-at-gillys-redefined-koramangala-4th-block?zrp_bid=0&zrp_pid=14&context=eyJjIjp7ImUiOlsiMTgzODU0NDMiLCIxODU0MzU0NiIsIjU3ODMzIiw1MTAzOCwxODU4NjIwNyw1ODU3NiwiMTg2OTcwOTMiLCIxODY2NDk5NSIsIjE4NTg1NzMzIiwiMTg2ODI0MzMiLDUzMjExLCI1NDA5NyIsMTgzMjM2MzAsIjE4NTczMDE2IiwiMTg2MTQ5NTkiXSwidCI6IkJlbmdhbHVydSYjMDM5O3MgRmluZXN0ICJ9fQ==,4.5,"Gilly's Redefined, Koramangala 4th Block, Bangalore"
97,Taaza Thindi,https://www.zomato.com/bangalore/restaurants/taaza-thindi?filterby_collection_id=274852&zrp_bid=0&zrp_pid=14,4.5,2 Outlets ›
98,Street Mama,https://www.zomato.com/bangalore/street-mama-brigade-road-bangalore?zrp_bid=0&zrp_pid=14&context=eyJjIjp7ImUiOlsiNTc4MzMiLDUxMDM4LCIxODU4NjIwNyIsNTg1NzYsMTg2OTcwOTMsIjE4NjY0OTk1IiwiMTg1ODU3MzMiLCIxODY4MjQzMyIsNTMyMTEsIjU0MDk3IiwxODMyMzYzMCwiMTg1NzMwMTYiLCIxODYxNDk1OSIsIjYxNTc5IiwiMTgyMDI5OTEiXSwidCI6IkJlbmdhbHVydSYjMDM5O3MgRmluZXN0ICJ9fQ==,4.5,"Garuda Mall, Magrath Road, Bangalore"
99,"Lush - Renaissance Hotel, Bengaluru",https://www.zomato.com/bangalore/lush-renaissance-hotel-bengaluru-race-course-road-bangalore?zrp_bid=0&zrp_pid=14&context=eyJjIjp7ImUiOls1MTAzOCwiMTg1ODYyMDciLDU4NTc2LCIxODY5NzA5MyIsMTg2NjQ5OTUsIjE4NTg1NzMzIiwiMTg2ODI0MzMiLDUzMjExLCI1NDA5NyIsMTgzMjM2MzAsIjE4NTczMDE2IiwiMTg2MTQ5NTkiLCI2MTU3OSIsIjE4MjAyOTkxIiw1NzM1NV0sInQiOiJCZW5nYWx1cnUmIzAzOTtzIEZpbmVzdCAifX0=,4.5,"Renaissance Hotel, Race Course Road, Bangalore"
100,Vapour Brewpub and Diner,https://www.zomato.com/bangalore/vapour-brewpub-and-diner-sarjapur-road?zrp_bid=0&zrp_pid=14&context=eyJjIjp7ImUiOlsiMTg1ODYyMDciLDU4NTc2LCIxODY5NzA5MyIsIjE4NjY0OTk1IiwxODU4NTczMywiMTg2ODI0MzMiLDUzMjExLCI1NDA5NyIsMTgzMjM2MzAsIjE4NTczMDE2IiwiMTg2MTQ5NTkiLCI2MTU3OSIsIjE4MjAyOTkxIiw1NzM1NSwiMTgzMTczMjAiXSwidCI6IkJlbmdhbHVydSYjMDM5O3MgRmluZXN0ICJ9fQ==,4.5,"Sarjapur Road, Bangalore"
101,Bologna,https://www.zomato.com/bangalore/bologna-indiranagar-bangalore?zrp_bid=0&zrp_pid=14&context=eyJjIjp7ImUiOls1ODU3NiwiMTg2OTcwOTMiLCIxODY2NDk5NSIsIjE4NTg1NzMzIiwxODY4MjQzMyw1MzIxMSwiNTQwOTciLDE4MzIzNjMwLCIxODU3MzAxNiIsIjE4NjE0OTU5IiwiNjE1NzkiLCIxODIwMjk5MSIsNTczNTUsIjE4MzE3MzIwIiwiNTIwMDIiXSwidCI6IkJlbmdhbHVydSYjMDM5O3MgRmluZXN0ICJ9fQ==,4.5,"Indiranagar, Bangalore"
102,Chianti,https://www.zomato.com/bangalore/restaurants/chianti?filterby_collection_id=274852&zrp_bid=0&zrp_pid=14,4.5,5 Outlets ›
103,Arbor Brewing Company,https://www.zomato.com/ArborBrewIndia?zrp_bid=0&zrp_pid=14&context=eyJjIjp7ImUiOlsiMTg2NjQ5OTUiLCIxODU4NTczMyIsIjE4NjgyNDMzIiw1MzIxMSw1NDA5NywxODMyMzYzMCwiMTg1NzMwMTYiLCIxODYxNDk1OSIsIjYxNTc5IiwiMTgyMDI5OTEiLDU3MzU1LCIxODMxNzMyMCIsIjUyMDAyIiwiNTU0MTkiLCIxODI3MDE2MyJdLCJ0IjoiQmVuZ2FsdXJ1JiMwMzk7cyBGaW5lc3QgIn19,4.5,"Brigade Road, Bangalore"
104,House Of Commons,https://www.zomato.com/bangalore/restaurants/house-of-commons?filterby_collection_id=274852&zrp_bid=0&zrp_pid=14,4.5,2 Outlets ›
105,Nakkshatra ,https://www.zomato.com/bangalore/nakkshatra-marathahalli?zrp_bid=0&zrp_pid=14&context=eyJjIjp7ImUiOlsiMTg2ODI0MzMiLDUzMjExLCI1NDA5NyIsMTgzMjM2MzAsMTg1NzMwMTYsIjE4NjE0OTU5IiwiNjE1NzkiLCIxODIwMjk5MSIsNTczNTUsIjE4MzE3MzIwIiwiNTIwMDIiLCI1NTQxOSIsIjE4MjcwMTYzIiwiMTgyMDI5ODkiLDUwMDY2XSwidCI6IkJlbmdhbHVydSYjMDM5O3MgRmluZXN0ICJ9fQ==,4.5,"Marathahalli, Bangalore"
106,OPUS Club,https://www.zomato.com/bangalore/opus-club-1-sarjapur-road?zrp_bid=0&zrp_pid=14&context=eyJjIjp7ImUiOls1MzIxMSwiNTQwOTciLDE4MzIzNjMwLCIxODU3MzAxNiIsMTg2MTQ5NTksIjYxNTc5IiwiMTgyMDI5OTEiLDU3MzU1LCIxODMxNzMyMCIsIjUyMDAyIiwiNTU0MTkiLCIxODI3MDE2MyIsIjE4MjAyOTg5Iiw1MDA2Niw1NjYxOF0sInQiOiJCZW5nYWx1cnUmIzAzOTtzIEZpbmVzdCAifX0=,4.5,"OPUS, Sarjapur Road, Bangalore"
107,Lot Like Crepes,https://www.zomato.com/bangalore/lot-like-crepes-koramangala-7th-block?zrp_bid=0&zrp_pid=14&context=eyJjIjp7ImUiOlsiNTQwOTciLDE4MzIzNjMwLCIxODU3MzAxNiIsIjE4NjE0OTU5Iiw2MTU3OSwiMTgyMDI5OTEiLDU3MzU1LCIxODMxNzMyMCIsIjUyMDAyIiwiNTU0MTkiLCIxODI3MDE2MyIsIjE4MjAyOTg5Iiw1MDA2Niw1NjYxOCwiNjA3NzMiXSwidCI6IkJlbmdhbHVydSYjMDM5O3MgRmluZXN0ICJ9fQ==,4.6,"Koramangala 7th Block, Bangalore"
108,"3B's - Buddies, Bar & Barbecues",https://www.zomato.com/bangalore/3bs-buddies-bar-barbecues-marathahalli?zrp_bid=0&zrp_pid=14&context=eyJjIjp7ImUiOlsxODMyMzYzMCwiMTg1NzMwMTYiLCIxODYxNDk1OSIsIjYxNTc5IiwxODIwMjk5MSw1NzM1NSwiMTgzMTczMjAiLCI1MjAwMiIsIjU1NDE5IiwiMTgyNzAxNjMiLCIxODIwMjk4OSIsNTAwNjYsNTY2MTgsIjYwNzczIiwiMTg1ODEwODkiXSwidCI6IkJlbmdhbHVydSYjMDM5O3MgRmluZXN0ICJ9fQ==,4.5,"Marathahalli, Bangalore"
109,The Boozy Griffin,https://www.zomato.com/bangalore/restaurants/the-boozy-griffin?filterby_collection_id=274852&zrp_bid=0&zrp_pid=14,4.5,2 Outlets ›
110,Here & Now,https://www.zomato.com/bangalore/here-now-hsr?zrp_bid=0&zrp_pid=14&context=eyJjIjp7ImUiOlsiMTg2MTQ5NTkiLCI2MTU3OSIsIjE4MjAyOTkxIiw1NzM1NSwxODMxNzMyMCwiNTIwMDIiLCI1NTQxOSIsIjE4MjcwMTYzIiwiMTgyMDI5ODkiLDUwMDY2LDU2NjE4LCI2MDc3MyIsIjE4NTgxMDg5IiwiNTQ1MDMiLCI1NDE2NSJdLCJ0IjoiQmVuZ2FsdXJ1JiMwMzk7cyBGaW5lc3QgIn19,4.6,"HSR, Bangalore"
111,Veena Stores,https://www.zomato.com/bangalore/veena-stores-malleshwaram?zrp_bid=0&zrp_pid=14&context=eyJjIjp7ImUiOlsiNjE1NzkiLCIxODIwMjk5MSIsNTczNTUsIjE4MzE3MzIwIiw1MjAwMiwiNTU0MTkiLCIxODI3MDE2MyIsIjE4MjAyOTg5Iiw1MDA2Niw1NjYxOCwiNjA3NzMiLCIxODU4MTA4OSIsIjU0NTAzIiwiNTQxNjUiLCIxODUzNzgxNiJdLCJ0IjoiQmVuZ2FsdXJ1JiMwMzk7cyBGaW5lc3QgIn19,4.5,"Malleshwaram, Bangalore"
112,Yauatcha,https://www.zomato.com/bangalore/yauatcha-mg-road?zrp_bid=0&zrp_pid=14&context=eyJjIjp7ImUiOlsiMTgyMDI5OTEiLDU3MzU1LCIxODMxNzMyMCIsIjUyMDAyIiw1NTQxOSwiMTgyNzAxNjMiLCIxODIwMjk4OSIsNTAwNjYsNTY2MTgsIjYwNzczIiwiMTg1ODEwODkiLCI1NDUwMyIsIjU0MTY1IiwiMTg1Mzc4MTYiLCIxODUwMzc2OCJdLCJ0IjoiQmVuZ2FsdXJ1JiMwMzk7cyBGaW5lc3QgIn19,4.6,"1 MG Road Mall, MG Road, Bangalore"
113,Roots,https://www.zomato.com/bangalore/roots-koramangala-1st-block?zrp_bid=0&zrp_pid=14&context=eyJjIjp7ImUiOls1NzM1NSwiMTgzMTczMjAiLCI1MjAwMiIsIjU1NDE5IiwxODI3MDE2MywiMTgyMDI5ODkiLDUwMDY2LDU2NjE4LCI2MDc3MyIsIjE4NTgxMDg5IiwiNTQ1MDMiLCI1NDE2NSIsIjE4NTM3ODE2IiwiMTg1MDM3NjgiLDU4NDEzXSwidCI6IkJlbmdhbHVydSYjMDM5O3MgRmluZXN0ICJ9fQ==,4.5,"Koramangala 1st Block, Bangalore"
114,Sotally Tober,https://www.zomato.com/bangalore/sotally-tober-koramangala-4th-block?zrp_bid=0&zrp_pid=14&context=eyJjIjp7ImUiOlsiMTgzMTczMjAiLCI1MjAwMiIsIjU1NDE5IiwiMTgyNzAxNjMiLDE4MjAyOTg5LDUwMDY2LDU2NjE4LCI2MDc3MyIsIjE4NTgxMDg5IiwiNTQ1MDMiLCI1NDE2NSIsIjE4NTM3ODE2IiwiMTg1MDM3NjgiLDU4NDEzLCIxODYyMTg4MCJdLCJ0IjoiQmVuZ2FsdXJ1JiMwMzk7cyBGaW5lc3QgIn19,4.5,"Koramangala 4th Block, Bangalore"
115,Barbeque Nation,https://www.zomato.com/bangalore/restaurants/barbeque-nation?filterby_collection_id=274852&zrp_bid=0&zrp_pid=14,4.5,4 Outlets ›
116,AB's - Absolute Barbecues,https://www.zomato.com/bangalore/restaurants/abs-absolute-barbecues?filterby_collection_id=274852&zrp_bid=0&zrp_pid=14,4.5,5 Outlets ›
117,Siddiqu Kabab Center,https://www.zomato.com/bangalore/siddiqu-kabab-center-richmond-road?zrp_bid=0&zrp_pid=14&context=eyJjIjp7ImUiOlsiMTgyNzAxNjMiLCIxODIwMjk4OSIsNTAwNjYsNTY2MTgsNjA3NzMsIjE4NTgxMDg5IiwiNTQ1MDMiLCI1NDE2NSIsIjE4NTM3ODE2IiwiMTg1MDM3NjgiLDU4NDEzLCIxODYyMTg4MCIsMTg2ODc3ODgsIjUyNDU5IiwiNTY1NDIiXSwidCI6IkJlbmdhbHVydSYjMDM5O3MgRmluZXN0ICJ9fQ==,4.5,"Richmond Road, Bangalore"
118,Punjab Grill,https://www.zomato.com/bangalore/punjab-grill-malleshwaram?zrp_bid=0&zrp_pid=14&context=eyJjIjp7ImUiOlsiMTgyMDI5ODkiLDUwMDY2LDU2NjE4LCI2MDc3MyIsMTg1ODEwODksIjU0NTAzIiwiNTQxNjUiLCIxODUzNzgxNiIsIjE4NTAzNzY4Iiw1ODQxMywiMTg2MjE4ODAiLDE4Njg3Nzg4LCI1MjQ1OSIsIjU2NTQyIiw1MzU5MF0sInQiOiJCZW5nYWx1cnUmIzAzOTtzIEZpbmVzdCAifX0=,4.9,"Orion Mall, Malleshwaram, Bangalore"
119,Prost Brew Pub,https://www.zomato.com/bangalore/prost-brew-pub-koramangala-4th-block?zrp_bid=0&zrp_pid=14&context=eyJjIjp7ImUiOls1MDA2Niw1NjYxOCwiNjA3NzMiLCIxODU4MTA4OSIsNTQ1MDMsIjU0MTY1IiwiMTg1Mzc4MTYiLCIxODUwMzc2OCIsNTg0MTMsIjE4NjIxODgwIiwxODY4Nzc4OCwiNTI0NTkiLCI1NjU0MiIsNTM1OTAsIjE4NTIzMTE4Il0sInQiOiJCZW5nYWx1cnUmIzAzOTtzIEZpbmVzdCAifX0=,4.6,"Koramangala 4th Block, Bangalore"
120,Deja Vu Resto Bar,https://www.zomato.com/bangalore/deja-vu-resto-bar-bannerghatta-road?zrp_bid=0&zrp_pid=14&context=eyJjIjp7ImUiOls1NjYxOCwiNjA3NzMiLCIxODU4MTA4OSIsIjU0NTAzIiw1NDE2NSwiMTg1Mzc4MTYiLCIxODUwMzc2OCIsNTg0MTMsIjE4NjIxODgwIiwxODY4Nzc4OCwiNTI0NTkiLCI1NjU0MiIsNTM1OTAsIjE4NTIzMTE4IiwiNTA4NTciXSwidCI6IkJlbmdhbHVydSYjMDM5O3MgRmluZXN0ICJ9fQ==,4.5,"Gopalan Innovation Mall, Bannerghatta, Bangalore"
121,OKI,https://www.zomato.com/bangalore/oki-1-kammanahalli?zrp_bid=0&zrp_pid=14&context=eyJjIjp7ImUiOlsiNjA3NzMiLCIxODU4MTA4OSIsIjU0NTAzIiwiNTQxNjUiLDE4NTM3ODE2LCIxODUwMzc2OCIsNTg0MTMsIjE4NjIxODgwIiwxODY4Nzc4OCwiNTI0NTkiLCI1NjU0MiIsNTM1OTAsIjE4NTIzMTE4IiwiNTA4NTciLCIxODcwMTc1NiJdLCJ0IjoiQmVuZ2FsdXJ1JiMwMzk7cyBGaW5lc3QgIn19,4.5,"Kammanahalli, Bangalore"
122,Namma SLN,https://www.zomato.com/bangalore/namma-sln-basavanagudi?zrp_bid=0&zrp_pid=14&context=eyJjIjp7ImUiOlsiMTg1ODEwODkiLCI1NDUwMyIsIjU0MTY1IiwiMTg1Mzc4MTYiLDE4NTAzNzY4LDU4NDEzLCIxODYyMTg4MCIsMTg2ODc3ODgsIjUyNDU5IiwiNTY1NDIiLDUzNTkwLCIxODUyMzExOCIsIjUwODU3IiwiMTg3MDE3NTYiLCI1MDk0MyJdLCJ0IjoiQmVuZ2FsdXJ1JiMwMzk7cyBGaW5lc3QgIn19,4.6,"Basavanagudi, Bangalore"
123,Gilly's Restobar,https://www.zomato.com/bangalore/restaurants/gillys-restobar?filterby_collection_id=274852&zrp_bid=0&zrp_pid=14,4.6,2 Outlets ›
124,Foxtrot,https://www.zomato.com/bangalore/foxtrot-marathahalli-bangalore?zrp_bid=0&zrp_pid=14&context=eyJjIjp7ImUiOlsiNTQxNjUiLCIxODUzNzgxNiIsIjE4NTAzNzY4Iiw1ODQxMywxODYyMTg4MCwxODY4Nzc4OCwiNTI0NTkiLCI1NjU0MiIsNTM1OTAsIjE4NTIzMTE4IiwiNTA4NTciLCIxODcwMTc1NiIsIjUwOTQzIiwiMTg3NzI0OTgiLCI1MDg5MCJdLCJ0IjoiQmVuZ2FsdXJ1JiMwMzk7cyBGaW5lc3QgIn19,4.5,"Marathahalli, Bangalore"
125,Black Deer,https://www.zomato.com/bangalore/restaurants/black-deer?filterby_collection_id=274852&zrp_bid=0&zrp_pid=14,4.5,2 Outlets ›
126,CTR,https://www.zomato.com/bangalore/ctr-malleshwaram-bangalore?zrp_bid=0&zrp_pid=14&context=eyJjIjp7ImUiOlsiMTg1MDM3NjgiLDU4NDEzLCIxODYyMTg4MCIsMTg2ODc3ODgsNTI0NTksIjU2NTQyIiw1MzU5MCwiMTg1MjMxMTgiLCI1MDg1NyIsIjE4NzAxNzU2IiwiNTA5NDMiLCIxODc3MjQ5OCIsIjUwODkwIiwiNTc3MzAiLCIxODcyNzkwNiJdLCJ0IjoiQmVuZ2FsdXJ1JiMwMzk7cyBGaW5lc3QgIn19,4.6,"Malleshwaram, Bangalore"
127,Dyu Art Cafe,https://www.zomato.com/bangalore/dyu-art-cafe-koramangala-5th-block?zrp_bid=0&zrp_pid=14&context=eyJjIjp7ImUiOls1ODQxMywiMTg2MjE4ODAiLDE4Njg3Nzg4LCI1MjQ1OSIsNTY1NDIsNTM1OTAsIjE4NTIzMTE4IiwiNTA4NTciLCIxODcwMTc1NiIsIjUwOTQzIiwiMTg3NzI0OTgiLCI1MDg5MCIsIjU3NzMwIiwiMTg3Mjc5MDYiLCIxODYyNTQyMCJdLCJ0IjoiQmVuZ2FsdXJ1JiMwMzk7cyBGaW5lc3QgIn19,4.5,"Koramangala 5th Block, Bangalore"
128,Chili's American Grill & Bar,https://www.zomato.com/bangalore/restaurants/chilis-american-grill-bar?filterby_collection_id=274852&zrp_bid=0&zrp_pid=14,4.5,2 Outlets ›
129,Café Felix,https://www.zomato.com/bangalore/caf%C3%A9-felix-1-mg-road?zrp_bid=0&zrp_pid=14&context=eyJjIjp7ImUiOlsxODY4Nzc4OCwiNTI0NTkiLCI1NjU0MiIsNTM1OTAsMTg1MjMxMTgsIjUwODU3IiwiMTg3MDE3NTYiLCI1MDk0MyIsIjE4NzcyNDk4IiwiNTA4OTAiLCI1NzczMCIsIjE4NzI3OTA2IiwiMTg2MjU0MjAiLCIxODQ5MjkxMCIsIjE4NzA0Nzk1Il0sInQiOiJCZW5nYWx1cnUmIzAzOTtzIEZpbmVzdCAifX0=,4.5,"1 MG Road Mall, MG Road, Bangalore"
130,Rim Naam - The Oberoi,https://www.zomato.com/bangalore/rim-naam-the-oberoi-mg-road-bangalore?zrp_bid=0&zrp_pid=14&context=eyJjIjp7ImUiOlsiNTI0NTkiLCI1NjU0MiIsNTM1OTAsIjE4NTIzMTE4Iiw1MDg1NywiMTg3MDE3NTYiLCI1MDk0MyIsIjE4NzcyNDk4IiwiNTA4OTAiLCI1NzczMCIsIjE4NzI3OTA2IiwiMTg2MjU0MjAiLCIxODQ5MjkxMCIsIjE4NzA0Nzk1IiwiMTg3NDQzMjYiXSwidCI6IkJlbmdhbHVydSYjMDM5O3MgRmluZXN0ICJ9fQ==,4.6,"The Oberoi, MG Road, Bangalore"
131,The Blue Wagon - Kitchen,https://www.zomato.com/bangalore/the-blue-wagon-kitchen-jayanagar-bangalore?zrp_bid=0&zrp_pid=14&context=eyJjIjp7ImUiOlsiNTY1NDIiLDUzNTkwLCIxODUyMzExOCIsIjUwODU3IiwxODcwMTc1NiwiNTA5NDMiLCIxODc3MjQ5OCIsIjUwODkwIiwiNTc3MzAiLCIxODcyNzkwNiIsIjE4NjI1NDIwIiwiMTg0OTI5MTAiLCIxODcwNDc5NSIsIjE4NzQ0MzI2IiwxODM1MzEyMV0sInQiOiJCZW5nYWx1cnUmIzAzOTtzIEZpbmVzdCAifX0=,4.7,"Jayanagar, Bangalore"
132,Sultans of Spice,https://www.zomato.com/bangalore/sultans-of-spice-koramangala-5th-block?zrp_bid=0&zrp_pid=14&context=eyJjIjp7ImUiOls1MzU5MCwiMTg1MjMxMTgiLCI1MDg1NyIsIjE4NzAxNzU2Iiw1MDk0MywiMTg3NzI0OTgiLCI1MDg5MCIsIjU3NzMwIiwiMTg3Mjc5MDYiLCIxODYyNTQyMCIsIjE4NDkyOTEwIiwiMTg3MDQ3OTUiLCIxODc0NDMyNiIsMTgzNTMxMjEsIjE4NTM3NTg1Il0sInQiOiJCZW5nYWx1cnUmIzAzOTtzIEZpbmVzdCAifX0=,4.5,"BluPetal Hotel, Koramangala, Bangalore"
133,HOMMS,https://www.zomato.com/bangalore/homms-marathahalli-bangalore?zrp_bid=0&zrp_pid=14&context=eyJjIjp7ImUiOlsiMTg1MjMxMTgiLCI1MDg1NyIsIjE4NzAxNzU2IiwiNTA5NDMiLDE4NzcyNDk4LCI1MDg5MCIsIjU3NzMwIiwiMTg3Mjc5MDYiLCIxODYyNTQyMCIsIjE4NDkyOTEwIiwiMTg3MDQ3OTUiLCIxODc0NDMyNiIsMTgzNTMxMjEsIjE4NTM3NTg1IiwxODYxMjM0OF0sInQiOiJCZW5nYWx1cnUmIzAzOTtzIEZpbmVzdCAifX0=,4.7,"Marathahalli, Bangalore"
134,Shiro,https://www.zomato.com/bangalore/shiro-lavelle-road?zrp_bid=0&zrp_pid=14&context=eyJjIjp7ImUiOlsiNTA4NTciLCIxODcwMTc1NiIsIjUwOTQzIiwiMTg3NzI0OTgiLDUwODkwLCI1NzczMCIsIjE4NzI3OTA2IiwiMTg2MjU0MjAiLCIxODQ5MjkxMCIsIjE4NzA0Nzk1IiwiMTg3NDQzMjYiLDE4MzUzMTIxLCIxODUzNzU4NSIsMTg2MTIzNDgsIjE4NDM5NjM0Il0sInQiOiJCZW5nYWx1cnUmIzAzOTtzIEZpbmVzdCAifX0=,4.5,"UB City, Bangalore"
135,Caperberry,https://www.zomato.com/bangalore/caperberry-lavelle-road?zrp_bid=0&zrp_pid=14&context=eyJjIjp7ImUiOlsiMTg3MDE3NTYiLCI1MDk0MyIsIjE4NzcyNDk4IiwiNTA4OTAiLDU3NzMwXSwidCI6IkJlbmdhbHVydSYjMDM5O3MgRmluZXN0ICJ9fQ==,4.6,"UB City, Bangalore"
